{"data": [[212, 20.024984394500787, 1.9680301153951358, 3.0, 18.0, 10.175141242937853, 5.812209659397626, 0.5, 0.015128435869229101], [130, 26.570660511172846, 5.086383583567373, 0.0, 11.0, 5.223880597014926, 2.3196092968795057, 0.5, 0.005333463848445062], [177, 26.019223662515376, 3.4161145160936712, 0.0, 11.0, 7.616613418530352, 6.241140955192133, 0.5, 0.016535866363092615], [102, 17.029386365926403, 2.2722136757979277, 0.0, 16.0, 7.494623655913978, 10.503273785188107, 0.5, 0.003943613036168373], [558, 67.06713054842886, 7.236624675962798, 0.0, 20.0, 9.267736486486486, 6.788725790676029, 0.5, 0.017594187243083845], [113, 13.038404810405298, 1.7838613546574411, 0.0, 14.0, 7.3090909090909095, 14.566287457350322, 0.5, 0.018461459622960853], [112, 13.601470508735444, 1.8180664654278256, 0.0, 14.0, 7.481283422459893, 13.436689002238511, 0.5, 0.015993034034213097], [181, 25.079872407968907, 2.6957733070795196, 3.0, 12.0, 9.303405572755418, 3.325627698939535, 0.5, 0.0037829987035579334], [143, 15.524174696260024, 1.2833028960633504, 0.0, 15.0, 12.09704641350211, 12.3989351424751, 0.0, 0.0], [144, 16.0, 1.699357601713062, 3.0, 12.0, 9.415322580645162, 2.618589402695317, 0.5, 0.006602125980220956], [122, 12.529964086141668, 1.0687175426202937, 0.0, 15.0, 11.72429906542056, 15.791787388567608, 0.0, 0.0]], "target": [1, 1, 0, 0, 1, 0, 0, 0, 0, 0, 0]}